,Rel. Cm-1,Intensity (A.U.)
0,0.0,0.0128854047779128
1,2.81256,0.0093185022439473
2,5.62429,0.0084452209547591
3,8.43517,0.0070938176816753
4,11.2452,0.005995224011387
5,14.0544,0.008401418251457
6,16.8628,0.0076479579723519
7,19.6703,0.0058867857283502
8,22.477,0.0093023436478042
9,25.2828,0.0085836805230413
10,28.0878,0.0080025746189209
11,30.892,0.0086765685476153
12,33.6953,0.0089030876842275
13,36.4978,0.0049880821389726
14,39.2995,0.0080224250718307
15,42.1003,0.0055803209811901
16,44.9003,0.0075913753971151
17,47.6994,0.0070658887673076
18,50.4977,0.0043613031023369
19,53.2952,0.0049442435807974
20,56.0918,0.0057028131793191
21,58.8876,0.0078522889183284
22,61.6826,0.010276592259638
23,64.4767,0.0085390651092823
24,67.2701,0.0114911163277296
25,70.0625,0.0245161877879856
26,72.8542,0.0483394801533417
27,75.645,0.0950991348398396
28,78.4349,0.156095803503822
29,81.2241,0.206534048653987
30,84.0124,0.258160285266151
31,86.7999,0.348487076738452
32,89.5865,0.442069490688101
33,92.3724,0.483061171939235
34,95.1574,0.489230600437059
35,97.9415,0.508409372057473
36,100.725,0.530938183987728
37,103.507,0.510401707839315
38,106.289,0.435168622779067
39,109.07,0.345886403276371
40,111.85,0.271960825921782
41,114.629,0.221599071167561
42,117.407,0.193837838089791
43,120.185,0.181527664992623
44,122.962,0.187900271104671
45,125.738,0.233167048391589
46,128.513,0.301310429877818
47,131.287,0.339191103306435
48,134.06,0.308487380309711
49,136.833,0.232214503929604
50,139.605,0.162565217773237
51,142.376,0.133673361030426
52,145.146,0.119347785516388
53,147.915,0.110979736200161
54,150.684,0.11288315189672
55,153.451,0.124081823927833
56,156.218,0.147686640599776
57,158.984,0.167605217768456
58,161.749,0.197844022577336
59,164.514,0.227449391294807
60,167.277,0.297771553902991
61,170.04,0.420238653620831
62,172.802,0.568759099294514
63,175.563,0.649745696324643
64,178.323,0.57536595724414
65,181.083,0.413756092564614
66,183.841,0.273631663008175
67,186.599,0.182115684911439
68,189.356,0.134419142390876
69,192.112,0.110446813269673
70,194.868,0.101902716526533
71,197.622,0.102910716525577
72,200.376,0.101667986623981
73,203.129,0.0900643935593413
74,205.881,0.0752850148681195
75,208.632,0.0625107601968122
76,211.383,0.0549555408537296
77,214.133,0.0469703020659518
78,216.881,0.0451379985343723
79,219.629,0.0474741825492301
80,222.377,0.0446418866069321
81,225.123,0.0428588237677412
82,227.869,0.0480339966345421
83,230.613,0.039809247294466
84,233.357,0.037789781325312
85,236.101,0.0318214986655713
86,238.843,0.0369823295831327
87,241.585,0.0288453051659044
88,244.325,0.0283638937364345
89,247.065,0.0272670931683499
90,249.804,0.0300530168081072
91,252.543,0.0294677457628952
92,255.28,0.0262671007576314
93,258.017,0.0290936599202337
94,260.753,0.0255203632672323
95,263.488,0.0286177462379723
96,266.222,0.0379437182471485
97,268.956,0.0424715911382769
98,271.688,0.045780278827811
99,274.42,0.0498232743184033
100,277.151,0.0624043907399532
101,279.881,0.0750253060706423
102,282.611,0.0836754137219109
103,285.34,0.0863967985900908
104,288.067,0.0741235560122138
105,290.794,0.0609288431957042
106,293.521,0.0492853317056814
107,296.246,0.040328067308202
108,298.971,0.0324377244178917
109,301.694,0.0271272591632656
110,304.417,0.0252544396250847
111,307.14,0.0224658866279669
112,309.861,0.0199285567750263
113,312.582,0.0199580772872107
114,315.302,0.0173880358383799
115,318.021,0.0207593141847196
116,320.739,0.017891031901455
117,323.456,0.0216948873401044
118,326.173,0.0171220285348617
119,328.889,0.0223170889046079
120,331.604,0.016408659979693
121,334.318,0.01274007302562
122,337.031,0.0133684774831696
123,339.744,0.0141490141672763
124,342.456,0.0146848771973584
125,345.167,0.0156165182683268
126,347.877,0.018278874063762
127,350.586,0.0173803748471611
128,353.295,0.009899554365758
129,356.003,0.0128972488376597
130,358.71,0.015874924338748
131,361.416,0.0159351485739292
132,364.122,0.0120420503561375
133,366.826,0.0141514403470226
134,369.53,0.0111009914051686
135,372.233,0.0111395114905008
136,374.936,0.0120873709157341
137,377.637,0.0126359026676444
138,380.338,0.0104420385957391
139,383.038,0.0095149391420299
140,385.737,0.009637240114169
141,388.435,0.0126588617380518
142,391.133,0.014890158297472
143,393.829,0.011226304186648
144,396.525,0.0088817420831095
145,399.221,0.0127585024303927
146,401.915,0.009216985146581
147,404.609,0.0099009766090576
148,407.301,0.0102994198621775
149,409.993,0.0089957127730654
150,412.685,0.0115950715564666
151,415.375,0.0175285271828043
152,418.065,0.032955707817922
153,420.753,0.02990003601622
154,423.442,0.0324747744534268
155,426.129,0.0300385553426241
156,428.815,0.0224030210838008
157,431.501,0.0145141482432875
158,434.186,0.014502447603033
159,436.87,0.0109444968357178
160,439.554,0.0064094852393554
161,442.236,0.0085874691879654
162,444.918,0.012351740846714
163,447.599,0.0105637300350356
164,450.279,0.007919735520114
165,452.959,0.0091744612670861
166,455.637,0.0097818308657511
167,458.315,0.0098104430544838
168,460.992,0.0095783305576681
169,463.669,0.0082874595131254
170,466.344,0.0072348285632109
171,469.019,0.0058324763520678
172,471.693,0.0090116323367212
173,474.366,0.0102858428168975
174,477.038,0.0112059625219768
175,479.71,0.008857050027169
176,482.381,0.0101500723640976
177,485.051,0.0104835465871629
178,487.72,0.0095627814943677
179,490.389,0.0082441587780468
180,493.057,0.0098715756131168
181,495.724,0.0077922702510863
182,498.39,0.0098655519944362
183,501.055,0.0127227192670403
184,503.72,0.0096307742853869
185,506.384,0.0078392054751347
186,509.047,0.0084815897477053
187,511.709,0.0112165277579165
188,514.371,0.0054390169263087
189,517.031,0.0042167721088766
190,519.691,0.005122107654615
191,522.351,0.0038842540157607
192,525.009,0.0085922498377118
193,527.667,0.0125245374318003
194,530.324,0.0054918909125047
195,532.98,0.0060661329987515
196,535.635,0.0059448789889069
197,538.29,0.0078402906826271
198,540.943,0.008936623942199
199,543.596,0.0071140265637998
200,546.249,0.0095957201711209
201,548.9,0.0101024212377497
202,551.551,0.0238158226001273
203,554.201,0.0358387981637763
204,556.85,0.0126637738556663
205,559.498,0.009726112392956
206,562.146,0.0078217967390829
207,564.793,0.0061702914051028
208,567.439,0.0099566592269796
209,570.084,0.0080856850196009
210,572.729,0.0084338191051137
211,575.373,0.009901347109413
212,578.016,0.0080662504832191
213,580.658,0.0109599861408964
214,583.3,0.0064923422655989
215,585.94,0.0053587856719385
216,588.58,0.0065759892942129
217,591.22,0.0083990637814569
218,593.858,0.0072696651579135
219,596.496,0.0055206345691054
220,599.133,0.0102920098550704
221,601.769,0.0115594198609823
222,604.404,0.0061526089768531
223,607.039,0.0090504870675357
224,609.673,0.0099689933033256
225,612.306,0.0096959703963045
226,614.938,0.0098114350393062
227,617.57,0.0103212196250214
228,620.2,0.0086721942530972
229,622.83,0.005466900065955
230,625.46,0.0076936370806795
231,628.088,0.0056548513107376
232,630.716,0.0090977198870308
233,633.343,0.0089957725311873
234,635.969,0.0156972753941691
235,638.595,0.025619083684497
236,641.219,0.0354143959825332
237,643.843,0.0383267678080846
238,646.467,0.0265247777789663
239,649.089,0.0128469444507024
240,651.711,0.0136349269967893
241,654.332,0.0115915338756542
242,656.952,0.0077350984607682
243,659.571,0.0110585153321712
244,662.19,0.0083612966484597
245,664.808,0.0088975182272729
246,667.425,0.0137234287752208
247,670.042,0.0162139799703922
248,672.657,0.0220124419995139
249,675.272,0.0395469091396283
250,677.886,0.0891449550968509
251,680.5,0.235801186401896
252,683.112,0.465064415968637
253,685.724,0.583546844122792
254,688.335,0.421406327321407
255,690.946,0.230352440853353
256,693.555,0.121460235123111
257,696.164,0.0664028066716597
258,698.772,0.0346172226373088
259,701.38,0.0179701516547592
260,703.986,0.0129497284202516
261,706.592,0.0128376102320725
262,709.197,0.0113224071981765
263,711.802,0.0091948865931279
264,714.405,0.0084318948935908
265,717.008,0.0070624085738084
266,719.61,0.0069567973279992
267,722.211,0.008002714452926
268,724.812,0.0061880825931343
269,727.412,0.0086281525173078
270,730.011,0.0076707760135918
271,732.609,0.007949558408395
272,735.207,0.0075678749181239
273,737.804,0.0116393045182459
274,740.4,0.0124343982808305
275,742.995,0.010338310447865
276,745.59,0.014486910491357
277,748.184,0.0254958624372816
278,750.777,0.0291376418979012
279,753.37,0.0309503447655202
280,755.961,0.0221176162939363
281,758.552,0.0158895411753478
282,761.142,0.0095670721275152
283,763.732,0.0095637017694439
284,766.32,0.0114121758487909
285,768.908,0.0124455610979886
286,771.496,0.0082768106158152
287,774.082,0.0062137534871105
288,776.668,0.0097053285181832
289,779.253,0.0103101165659852
290,781.837,0.0084337115404944
291,784.42,0.0049135398578007
292,787.003,0.0044765526161
293,789.585,0.0051240079628892
294,792.166,0.0055085036703737
295,794.747,0.0077521080125661
296,797.327,0.0108714963140892
297,799.906,0.0066834738376253
298,802.484,0.0039300167854588
299,805.062,0.0071586238110897
300,807.639,0.007620048539132
301,810.215,0.0127577972845551
302,812.79,0.0116152339467724
303,815.365,0.006052518903436
304,817.938,0.0125323059876383
305,820.512,0.0111123573999409
306,823.084,0.0145657075508032
307,825.656,0.0151745471992653
308,828.227,0.0244032449377252
309,830.797,0.050556028408294
310,833.366,0.0896383181506869
311,835.935,0.118555273304667
312,838.503,0.097665865688721
313,841.07,0.0557069394776315
314,843.637,0.030896681972116
315,846.203,0.0177366408178927
316,848.768,0.0101997433149635
317,851.332,0.0096078152149795
318,853.896,0.01161933335393
319,856.458,0.0147191783592894
320,859.021,0.0085231096907535
321,861.582,0.0088211832024461
322,864.143,0.0094625551724329
323,866.703,0.0064249016396254
324,869.262,0.0069883399355102
325,871.82,0.0092358209065821
326,874.378,0.0057384409715547
327,876.935,0.008328178697341
328,879.491,0.0050592540620732
329,882.047,0.007356537929944
330,884.602,0.0068662512242198
331,887.156,0.0064946023177665
332,889.709,0.0068703924620627
333,892.262,0.0052887491531527
334,894.814,0.0062782121828046
335,897.365,0.0103625483420796
336,899.915,0.010222248223645
337,902.465,0.0116682633040851
338,905.014,0.0099021598198699
339,907.563,0.0088616035960525
340,910.11,0.009133072791906
341,912.657,0.0098456047333691
342,915.203,0.0080521176874061
343,917.748,0.0127017561179021
344,920.293,0.0111119510447124
345,922.837,0.0087172757802065
346,925.38,0.0136512768189222
347,927.923,0.0133160337554508
348,930.464,0.0083418155007428
349,933.006,0.0079753607702391
350,935.546,0.0108044237981461
351,938.085,0.0125528508299238
352,940.624,0.0139223874660447
353,943.162,0.0171247893600903
354,945.7,0.0277900962506141
355,948.237,0.0586533734326266
356,950.773,0.112025622848446
357,953.308,0.129003861390558
358,955.842,0.0959812842343075
359,958.376,0.0512586644047819
360,960.909,0.0315017927137759
361,963.442,0.0203371828121061
362,965.973,0.0131164177252868
363,968.504,0.0136634794274001
364,971.035,0.0114740135532615
365,973.564,0.0131380262621408
366,976.093,0.0162395086400384
367,978.621,0.013758064582634
368,981.148,0.0143130980181996
369,983.675,0.0191812217034088
370,986.201,0.0197895593836476
371,988.726,0.0184652955006258
372,991.251,0.019720837543542
373,993.774,0.0243965520280801
374,996.297,0.0260468323205626
375,998.82,0.019696814778566
376,1001.34,0.0167960479802741
377,1003.86,0.0195406070481
378,1006.38,0.0214318320878048
379,1008.9,0.0280343874526589
380,1011.42,0.0338291325266027
381,1013.94,0.0569346103325259
382,1016.46,0.0821209854568452
383,1018.97,0.117038851205085
384,1021.49,0.153817823899627
385,1024.0,0.157062689915046
386,1026.52,0.12946280376622
387,1029.03,0.110706761099638
388,1031.55,0.0893525548120915
389,1034.06,0.0791435967947417
390,1036.57,0.0678452482164143
391,1039.08,0.0581958652518891
392,1041.59,0.0502800654016789
393,1044.1,0.0378085453755669
394,1046.61,0.0280538686003758
395,1049.12,0.0246095299742855
396,1051.62,0.0195273407450535
397,1054.13,0.0146321824855279
398,1056.64,0.0135949129584113
399,1059.14,0.015026586089612
400,1061.65,0.0115478745918446
401,1064.15,0.0086254394985767
402,1066.65,0.0104260114674641
403,1069.16,0.0107957588704807
404,1071.66,0.0110929838168433
405,1074.16,0.0111878319078133
406,1076.66,0.0133416460864675
407,1079.16,0.0150990487881441
408,1081.66,0.0135494489793223
409,1084.16,0.0091159461141892
410,1086.65,0.0105521608626491
411,1089.15,0.0099302222338817
412,1091.65,0.0065075399511429
413,1094.14,0.0135983789294775
414,1096.64,0.0102100814700402
415,1099.13,0.0090266555285495
416,1101.62,0.0137173214951697
417,1104.12,0.0089661564060079
418,1106.61,0.0143214641552559
419,1109.1,0.0171824081411597
420,1111.59,0.0126338230850047
421,1114.08,0.0115156052060559
422,1116.57,0.0136424804233887
423,1119.06,0.011963408667808
424,1121.55,0.0126307276142938
425,1124.03,0.0207740146826901
426,1126.52,0.020066478520212
427,1129.0,0.0290246990476408
428,1131.49,0.0347663789093987
429,1133.97,0.0428442427860145
430,1136.46,0.0711828588369145
431,1138.94,0.137914992517984
432,1141.42,0.284180166673768
433,1143.9,0.531190363261854
434,1146.38,0.709402229348445
435,1148.86,0.600540858809067
436,1151.34,0.325732379107676
437,1153.82,0.13473944592389
438,1156.3,0.0584656134138339
439,1158.78,0.0334005472768314
440,1161.25,0.0277164742445184
441,1163.73,0.0309397078198343
442,1166.2,0.0324184823026621
443,1168.68,0.0393452852365708
444,1171.15,0.0730965529304277
445,1173.63,0.116216101383717
446,1176.1,0.184245464373493
447,1178.57,0.260078520976923
448,1181.04,0.307498980974628
449,1183.51,0.33594504212858
450,1185.98,0.365381892942488
451,1188.45,0.329366868077432
452,1190.92,0.227143429711033
453,1193.39,0.125388614536032
454,1195.85,0.0639265496192302
455,1198.32,0.039907131098025
456,1200.78,0.0308846108315062
457,1203.25,0.0189460615423798
458,1205.71,0.0141626031641806
459,1208.18,0.0152182542895724
460,1210.64,0.0138364672384762
461,1213.1,0.0138804970226412
462,1215.56,0.0108524334732251
463,1218.02,0.0050236621247107
464,1220.48,0.0096150698509698
465,1222.94,0.0100591563575441
466,1225.4,0.0061137363186021
467,1227.86,0.0042550531617215
468,1230.31,0.0106996319557035
469,1232.77,0.0094735626184742
470,1235.23,0.006809422445521
471,1237.68,0.0071759548615831
472,1240.14,0.0092105073661745
473,1242.59,0.0110660568071463
474,1245.04,0.009616121593914
475,1247.5,0.0104848851690919
476,1249.95,0.0092532344232836
477,1252.4,0.0055374744078373
478,1254.85,0.0022583908918583
479,1257.3,0.0041881838233927
480,1259.75,0.0042626782980671
481,1262.2,0.0067193741268964
482,1264.64,0.0081523571561277
483,1267.09,0.0063892618957654
484,1269.54,0.005531163950172
485,1271.98,0.0077081176687615
486,1274.43,0.0100956088118609
487,1276.87,0.0103928935163454
488,1279.31,0.0150090889115399
489,1281.76,0.0231243016142999
490,1284.2,0.0285291847014188
491,1286.64,0.0270556689333122
492,1289.08,0.0208483537862477
493,1291.52,0.0152614713632806
494,1293.96,0.0096502793363525
495,1296.4,0.0157985534590481
496,1298.84,0.0127253366727765
497,1301.27,0.0144845560213568
498,1303.71,0.0263152658038271
499,1306.15,0.0330430741920388
500,1308.58,0.0490325548503367
501,1311.02,0.0681710494966364
502,1313.45,0.0600699994687503
503,1315.88,0.0477865980101621
504,1318.32,0.0290070106435788
505,1320.75,0.0192879497089989
506,1323.18,0.0112498847415225
507,1325.61,0.0166330756304168
508,1328.04,0.0144477330666846
509,1330.47,0.0096075403276191
510,1332.9,0.0115022432900145
511,1335.33,0.0133448491217976
512,1337.75,0.0114471582533107
513,1340.18,0.0137545627566947
514,1342.61,0.0146049088787243
515,1345.03,0.0119221277572472
516,1347.46,0.0088764953200128
517,1349.88,0.0095136603182227
518,1352.3,0.0150445135261612
519,1354.73,0.0183056815572154
520,1357.15,0.0172240117455784
521,1359.57,0.0184581006227573
522,1361.99,0.0306608764233712
523,1364.41,0.0376411031181967
524,1366.83,0.0355690500018316
525,1369.25,0.0336359942768452
526,1371.66,0.0315647777741857
527,1374.08,0.0345739577571032
528,1376.5,0.0417227023554919
529,1378.91,0.0660405529371207
530,1381.33,0.125150060113683
531,1383.74,0.186944141155377
532,1386.16,0.185770491642618
533,1388.57,0.101102555275217
534,1390.98,0.0458549764800996
535,1393.39,0.0370676641811073
536,1395.8,0.0259084325104022
537,1398.22,0.024704067323022
538,1400.63,0.0269490604439658
539,1403.03,0.0284298667029359
540,1405.44,0.0315889200554053
541,1407.85,0.0279293326744801
542,1410.26,0.0317632942549079
543,1412.66,0.0343269176814542
544,1415.07,0.0404083822239427
545,1417.47,0.0395020905482551
546,1419.88,0.040517500554406
547,1422.28,0.0441886810109664
548,1424.69,0.0464042731359694
549,1427.09,0.0498281744843935
550,1429.49,0.0548296902491537
551,1431.89,0.0565096105700644
552,1434.29,0.0599479733839716
553,1436.69,0.0705997390840885
554,1439.09,0.0827559752594205
555,1441.49,0.0961411969683271
556,1443.89,0.110022769637161
557,1446.28,0.130678283964261
558,1448.68,0.170118644372664
559,1451.08,0.236525454838487
560,1453.47,0.363962039967786
561,1455.87,0.5876366899809
562,1458.26,0.851652852879627
563,1460.65,0.967209523388941
564,1463.05,0.796925169744439
565,1465.44,0.473687512948838
566,1467.83,0.238611013290386
567,1470.22,0.132137577299372
568,1472.61,0.0747611751721497
569,1475.0,0.0551450936161773
570,1477.39,0.0503405406209718
571,1479.77,0.0481070210594195
572,1482.16,0.0437177870109388
573,1484.55,0.0432650594799478
574,1486.93,0.0447807644820671
575,1489.32,0.0469009826446279
576,1491.7,0.0532584101937317
577,1494.09,0.075032835593993
578,1496.47,0.101686272609261
579,1498.85,0.140628011249108
580,1501.24,0.18125994860682
581,1503.62,0.216224425690088
582,1506.0,0.259685312535276
583,1508.38,0.292467423009279
584,1510.76,0.269259758815025
585,1513.14,0.190913275607386
586,1515.51,0.109362083842199
587,1517.89,0.0543201925024233
588,1520.27,0.0334544491027228
589,1522.64,0.0258391130890784
590,1525.02,0.0230460184747014
591,1527.39,0.0174755814868621
592,1529.77,0.015970130978449
593,1532.14,0.0153142019299842
594,1534.51,0.0168193895026612
595,1536.89,0.0190325434962935
596,1539.26,0.0111517858087249
597,1541.63,0.0086286544855312
598,1544.0,0.0135436046350073
599,1546.37,0.0141011359600653
600,1548.74,0.0157255648890438
601,1551.11,0.0177414334192635
602,1553.47,0.0119159248642012
603,1555.84,0.0083492733143473
604,1558.21,0.0122980541500611
605,1560.57,0.0117405945347493
606,1562.94,0.0055418606539797
607,1565.3,0.0087580786257926
608,1567.66,0.007352812608629
609,1570.03,0.0107405901724064
610,1572.39,0.0096425705386364
611,1574.75,0.0108763606252062
612,1577.11,0.0074507466090104
613,1579.47,0.0101910425324249
614,1581.83,0.0123948742590516
615,1584.19,0.0105505951998572
616,1586.55,0.0098359836757543
617,1588.91,0.0080115467033326
618,1591.27,0.0048482481338883
619,1593.62,0.0058740094419027
620,1595.98,0.0098458079109833
621,1598.33,0.0081632068407273
622,1600.69,0.0077153137417924
623,1603.04,0.0073568630141267
624,1605.4,0.0063452560148491
625,1607.75,0.006769692855803
626,1610.1,0.0044357258672651
627,1612.45,0.0080605232648228
628,1614.8,0.0118637679754671
629,1617.15,0.0076651766775763
630,1619.5,0.0052221547021843
631,1621.85,0.0082214243981774
632,1624.2,0.006685317973265
633,1626.55,0.0088699697331088
634,1628.89,0.0056117776565219
635,1631.24,0.0070489131581229
636,1633.59,0.0092422508804911
637,1635.93,0.0064177928134524
638,1638.28,0.0083659219270894
639,1640.62,0.0042642559124835
640,1642.96,0.0083505521381545
641,1645.3,0.0074243645933845
642,1647.65,0.0049856679108506
643,1649.99,0.0067170232423836
644,1652.33,0.0078214525323012
645,1654.67,0.0085148750215652
646,1657.01,0.0082589429373877
647,1659.35,0.009218718132114
648,1661.68,0.0077074627197463
649,1664.02,0.0081282567055933
650,1666.36,0.0103410354182205
651,1668.69,0.0086209337361907
652,1671.03,0.0070354743333787
653,1673.36,0.0045881927393045
654,1675.7,0.0110641804021208
655,1678.03,0.0100518658666807
656,1680.36,0.0067187837166528
657,1682.7,0.0119646755399908
658,1685.03,0.0106662391172243
659,1687.36,0.0110445319316628
660,1689.69,0.0044611828271651
661,1692.02,0.0066158312292
662,1694.35,0.0091429209303837
663,1696.68,0.0078757212730607
664,1699.0,0.0047735863364727
665,1701.33,0.0069576086042612
666,1703.66,0.0062766871555355
667,1705.98,0.0069150559213516
668,1708.31,0.0069658854626835
669,1710.63,0.0092069935886108
670,1712.96,0.0097021732893505
671,1715.28,0.0055875158590585
672,1717.6,0.0069822254844844
673,1719.93,0.0091243242028699
674,1722.25,0.0106555424134166
675,1724.57,0.0074427127271114
676,1726.89,0.0038144923843353
677,1729.21,0.0041477156232888
678,1731.53,0.0087982002287899
679,1733.85,0.0106214444290999
680,1736.16,0.0114048853579275
681,1738.48,0.0119582216628331
682,1740.8,0.0100988835569373
683,1743.11,0.0068904472877491
684,1745.43,0.0041303140582117
685,1747.74,0.0061690508264936
686,1750.06,0.0109276569969859
687,1752.37,0.0092571426044513
688,1754.68,0.0046443534222012
689,1756.99,0.0058808660888016
690,1759.31,0.0070463835968258
691,1761.62,0.0084953580189752
692,1763.93,0.0080393748655068
693,1766.24,0.0091813573543454
694,1768.55,0.0028787877610824
695,1770.85,0.0075566069266714
696,1773.16,0.0121677336379723
697,1775.47,0.0099164300593631
698,1777.77,0.0109116896268326
699,1780.08,0.011132663209739
700,1782.39,0.0053009159067574
701,1784.69,0.0126248354634813
702,1786.99,0.0070200614588379
703,1789.3,0.0081034738173075
704,1791.6,0.0074584601873763
705,1793.9,0.0032307033405447
706,1796.2,0.0052986929046253
707,1798.5,0.0045600825187952
708,1800.8,0.0062101835369123
709,1803.1,0.0093590182505487
710,1805.4,0.0058803175092432
711,1807.7,0.0089249352535689
712,1810.0,0.0100558457575946
713,1812.3,0.0100229429357145
714,1814.59,0.0111984449502505
715,1816.89,0.0079479413536182
716,1819.18,0.0079294019939014
717,1821.48,0.0139235587252326
718,1823.77,0.014410635224652
719,1826.06,0.0106438656764108
720,1828.36,0.0077543286243734
721,1830.65,0.0065079690144577
722,1832.94,0.008117164403019
723,1835.23,0.0094787615750735
724,1837.52,0.009638805776961
725,1839.81,0.0084554156903434
726,1842.1,0.0087182677650289
727,1844.39,0.0081397099472234
728,1846.68,0.0088629421779815
729,1848.96,0.0039346540157129
730,1851.25,0.0114340353697567
731,1853.54,0.0092289487225715
732,1855.82,0.0093206654879576
733,1858.11,0.0046887417550972
734,1860.39,0.0085686692828374
735,1862.67,0.0101336866870916
736,1864.96,0.0060355177177751
737,1867.24,0.0056011526624603
738,1869.52,0.0042655825427881
739,1871.8,0.0083109803098781
740,1874.08,0.0063591079474895
741,1876.36,0.0109159683083557
742,1878.64,0.0072258636497739
743,1880.92,0.012475081610173
744,1883.2,0.0124798383566708
745,1885.47,0.0112244875397444
746,1887.75,0.0057809409478008
747,1890.03,0.0085603748555272
748,1892.3,0.0097675008681361
749,1894.58,0.0084992183936455
750,1896.85,0.006739691888319
751,1899.13,0.0102196308179088
752,1901.4,0.0103911007726904
753,1903.67,0.0076655483730941
754,1905.94,0.007287842383412
755,1908.21,0.0074416095921824
756,1910.48,0.0057721206490186
757,1912.75,0.0051740016076129
758,1915.02,0.0066406989740187
759,1917.29,0.0072484976359985
760,1919.56,0.0052685509079738
761,1921.83,0.003485978085382
762,1924.1,0.0077627975453992
763,1926.36,0.0098778741191578
764,1928.63,0.010427935678987
765,1930.89,0.0086382635915216
766,1933.16,0.0090490887274848
767,1935.42,0.0117202289668293
768,1937.68,0.00436303608787
769,1939.95,0.0091314951774896
770,1942.21,0.0093192910511555
771,1944.47,0.0094506035480667
772,1946.73,0.0089418707052958
773,1948.99,0.0073174477521295
774,1951.25,0.0100731756129256
775,1953.51,0.0135675437386127
776,1955.77,0.0077032270640709
777,1958.03,0.0097715763720449
778,1960.28,0.0057084184911468
779,1962.54,0.0168755382339336
780,1964.8,0.0089659890832667
781,1967.05,0.00377339074814
782,1969.31,0.0047641923597209
783,1971.56,0.0056299321739341
784,1973.81,0.0076428223593618
785,1976.07,0.0081198582991511
786,1978.32,0.006388477869207
787,1980.57,0.0082465012964225
788,1982.82,0.0106272409669175
789,1985.07,0.0096893013899081
790,1987.32,0.0147921430260449
791,1989.57,0.0119259522770444
792,1991.82,0.0067667145110109
793,1994.07,0.0074378125611213
794,1996.32,0.008017413755734
795,1998.56,0.0073558686389794
796,2000.81,0.0075015290609423
797,2003.06,0.0078431040950029
798,2005.3,0.0067319878712525
799,2007.54,0.0053747769453405
800,2009.79,0.0040515289503898
801,2012.03,0.0066503248122833
802,2014.27,0.0066920144683974
803,2016.52,0.0057668380310487
804,2018.76,0.0111519889863391
805,2021.0,0.0098132994927073
806,2023.24,0.0064018792256088
807,2025.48,0.00792499662516
808,2027.72,0.0133570158754024
809,2029.96,0.0102372116573515
810,2032.2,0.002386488401815
811,2034.43,0.0079175531535048
812,2036.67,0.0068998603870999
813,2038.91,0.0060211769636982
814,2041.14,0.0091695850043447
815,2043.38,0.0082494174927679
816,2045.61,0.0159797161811907
817,2047.84,0.012555372622665
818,2050.08,0.0045810217646848
819,2052.31,0.0033488451474044
820,2054.54,0.0059642908172024
821,2056.77,0.0060474370727555
822,2059.0,0.0072076959855748
823,2061.23,0.0098200043539767
824,2063.46,0.0085242331434439
825,2065.69,0.009869591643472
826,2067.92,0.0075899005666683
827,2070.15,0.008896705516816
828,2072.38,0.0054842777277834
829,2074.6,0.0049288618402382
830,2076.83,0.0088338399726499
831,2079.05,0.0066642293320709
832,2081.28,0.0078301700471139
833,2083.5,0.0093846066783167
834,2085.73,0.0072468877521964
835,2087.95,0.0059178432194281
836,2090.17,0.005900800203082
837,2092.39,0.0089070914783902
838,2094.62,0.0119604924714627
839,2096.84,0.0103194507846152
840,2099.06,0.0075568937656562
841,2101.28,0.0094225052791818
842,2103.5,0.0092795758033867
843,2105.71,0.0101597890347073
844,2107.93,0.0074791364975298
845,2110.15,0.0103822565706595
846,2112.37,0.0107545377180417
847,2114.58,0.0011568455289003
848,2116.8,0.0061212395483791
849,2119.01,0.0070535385562688
850,2121.23,0.0086544460909135
851,2123.44,0.0085648567146645
852,2125.65,0.0091657485329231
853,2127.87,0.0079886222926358
854,2130.08,0.0087537521377721
855,2132.29,0.0083477674096772
856,2134.5,0.007987421154387
857,2136.71,0.0088296569041217
858,2138.92,0.0099640931373354
859,2141.13,0.0040420513122674
860,2143.34,0.0092783925925744
861,2145.54,0.0135785033781565
862,2147.75,0.0123977904553969
863,2149.96,0.0057172985480509
864,2152.16,0.0065726392539031
865,2154.37,0.0086363871864961
866,2156.57,0.0098076822292552
867,2158.78,0.0112565896027919
868,2160.98,0.0135798180568368
869,2163.19,0.010086668996835
870,2165.39,0.0075261972136341
871,2167.59,0.007735204830225
872,2169.79,0.0102876833670499
873,2171.99,0.0102232402084674
874,2174.19,0.0080539582375584
875,2176.39,0.0090539052321044
876,2178.59,0.0102453985200423
877,2180.79,0.0117276270223119
878,2182.99,0.012521657090328
879,2185.18,0.0085585104021261
880,2187.38,0.0062691743644589
881,2189.58,0.0112107551233476
882,2191.77,0.0119889492890785
883,2193.97,0.0096060344229489
884,2196.16,0.0119184108020693
885,2198.36,0.0078556365683133
886,2200.55,0.0059393860223482
887,2202.74,0.0054358019393542
888,2204.93,0.006095418063936
889,2207.13,0.0109528151662767
890,2209.32,0.0048365116387607
891,2211.51,0.0047329030071302
892,2213.7,0.0
893,2215.89,0.0106437700634159
894,2218.07,0.0116852107074364
895,2220.26,0.0086435103546184
896,2222.45,0.0100096766326681
897,2224.64,0.0092257695904901
898,2226.82,0.0030348640236804
899,2229.01,0.0064896400033297
900,2231.19,0.0086405463517756
901,2233.38,0.007350220301304
902,2235.56,0.0085230021261342
903,2237.75,0.0061786922018698
904,2239.93,0.0079621351027155
905,2242.11,0.0082491187021587
906,2244.29,0.0072759935430154
907,2246.47,0.0097536728387444
908,2248.65,0.004925395869172
909,2250.83,0.0077905229236039
910,2253.01,0.009481618013297
911,2255.19,0.0042183616749173
912,2257.37,0.0044031935457403
913,2259.55,0.0053514712778264
914,2261.73,0.0075475511808892
915,2263.9,0.0095806491727952
916,2266.08,0.0105332175380287
917,2268.25,0.0084879838667413
918,2270.43,0.0072558502753086
919,2272.6,0.0081994130915822
920,2274.78,0.008168822909017
921,2276.95,0.0074179346194755
922,2279.12,0.0065638763229178
923,2281.29,0.0034109577392355
924,2283.46,0.0091215036195195
925,2285.64,0.0109108291098783
926,2287.81,0.0070690800900459
927,2289.98,0.0096120580416295
928,2292.14,0.0105097684510223
929,2294.31,0.00915383276343
930,2296.48,0.0111392844096379
931,2298.65,0.006042007449806
932,2300.82,0.0101627171826771
933,2302.98,0.0072006923336962
934,2305.15,0.0069775115248019
935,2307.31,0.0107653658897175
936,2309.48,0.0061837035179666
937,2311.64,0.0047712677213457
938,2313.8,0.0115132507360557
939,2315.97,0.0153698725962818
940,2318.13,0.0054691230680871
941,2320.29,0.0112042175848193
942,2322.45,0.0135185181754626
943,2324.61,0.016162958485973
944,2326.77,0.0122163169910208
945,2328.93,0.0148849234859996
946,2331.09,0.0123688794760551
947,2333.25,0.0090551960075359
948,2335.41,0.0096212607923915
949,2337.56,0.0082648470398246
950,2339.72,0.0068110968680947
951,2341.88,0.0026786936659438
952,2344.03,0.0076889245551919
953,2346.19,0.00898365358408
954,2348.34,0.0088183865223444
955,2350.5,0.0079065636349001
956,2352.65,0.0071352112960538
957,2354.8,0.0066633544731673
958,2356.95,0.0071591867325974
959,2359.1,0.0085964448578644
960,2361.26,0.0082673449293172
961,2363.41,0.0081633359182704
962,2365.56,0.0094209276647655
963,2367.71,0.0088100323369124
964,2369.85,0.0076947605333699
965,2372.0,0.0091943129151583
966,2374.15,0.0065902929982544
967,2376.3,0.0053901825891485
968,2378.44,0.0030787742916018
969,2380.59,0.0128623739977592
970,2382.73,0.0111266156878097
971,2384.88,0.0099661010102289
972,2387.02,0.0080663102413409
973,2389.17,0.0093401227324257
974,2391.31,0.0070764324903235
975,2393.45,0.0131976768193525
976,2395.59,0.0046628425850957
977,2397.74,0.0060491939615374
978,2399.88,0.0047150472803272
979,2402.02,0.0047177124925608
980,2404.16,0.0087197378148259
981,2406.3,0.0090908835578934
982,2408.43,0.0088890803804704
983,2410.57,0.0074810846123015
984,2412.71,0.001871779746861
985,2414.85,0.0109865067953649
986,2416.98,0.0086679633780716
987,2419.12,0.0059311334257233
988,2421.26,0.0090669564059123
989,2423.39,0.0113118061073637
990,2425.52,0.0117669598181011
991,2427.66,0.0123611467750902
992,2429.79,0.0153673747067893
993,2431.92,0.0060737234753865
994,2434.06,0.0050147462129336
995,2436.19,0.0093002760167889
996,2438.32,0.0106027162337181
997,2440.45,0.012639416445208
998,2442.58,0.0137967878455805
999,2444.71,0.0106828279718446
1000,2446.84,0.0097985272849907
1001,2448.96,0.0096134922365534
1002,2451.09,0.010348003215226
1003,2453.22,0.0087851132001089
1004,2455.34,0.0126265445457657
1005,2457.47,0.0094757019592357
1006,2459.6,0.0095072183926893
1007,2461.72,0.0116152339467724
1008,2463.84,0.0102936950341061
1009,2465.97,0.009834800464942
1010,2468.09,0.0088642449050374
1011,2470.21,0.0084455675518657
1012,2472.34,0.0080900545334692
1013,2474.46,0.0050782212899424
1014,2476.58,0.0072708483687257
1015,2478.7,0.0090218270723056
1016,2480.82,0.0132256914268668
1017,2482.94,0.0101542434810014
1018,2485.06,0.006464630034181
1019,2487.17,0.0078773323520253
1020,2489.29,0.0059480198757903
1021,2491.41,0.0099044784349969
1022,2493.53,0.008806136107369
1023,2495.64,0.0059603886118469
1024,2497.76,0.0084927047583659
1025,2499.87,0.0092134355141442
1026,2501.99,0.007782639632172
1027,2504.1,0.0114643805440224
1028,2506.21,0.0078999866560113
1029,2508.33,0.0090527578761652
1030,2510.44,0.0034685526170561
1031,2512.55,0.0042603357796914
1032,2514.66,0.0035541979572642
1033,2516.77,0.009232785193993
1034,2518.88,0.0110733233947609
1035,2520.99,0.0069720116263011
1036,2523.1,0.0090030391188019
1037,2525.21,0.004339407726498
1038,2527.31,0.0101017638984095
1039,2529.42,0.0095079354901513
1040,2531.53,0.008578971583041
1041,2533.63,0.0119396966450655
1042,2535.74,0.0040816111889195
1043,2537.84,0.0066670104750609
1044,2539.95,0.0103295260039559
1045,2542.05,0.0114130483173696
1046,2544.16,0.0098592295851465
1047,2546.26,0.0089506790524537
1048,2548.36,0.0087092801435055
1049,2550.46,0.0082479952494683
1050,2552.56,0.0105022150244228
1051,2554.66,0.0124577756580908
1052,2556.76,0.0111413400890288
1053,2558.86,0.0101959068435419
1054,2560.96,0.0091385466358657
1055,2563.06,0.0088825667451908
1056,2565.16,0.0108402189131229
1057,2567.26,0.0079881645454226
1058,2569.35,0.0073161868557588
1059,2571.45,0.0082655163307891
1060,2573.55,0.0084420179194289
1061,2575.64,0.0117425426495209
1062,2577.74,0.0124115587266668
1063,2579.83,0.0105643395678783
1064,2581.92,0.0113188217108667
1065,2584.02,0.0087925829653378
1066,2586.11,0.0088592969325498
1067,2588.2,0.011116277532733
1068,2590.29,0.0107883847182467
1069,2592.38,0.0082156111280857
1070,2594.47,0.0034971528541644
1071,2596.56,0.0125646351315488
1072,2598.65,0.0105927366273723
1073,2600.74,0.0080595826719852
1074,2602.83,0.0086839905063467
1075,2604.92,0.0100207677400799
1076,2607.0,0.0054142770638707
1077,2609.09,0.0050332831823255
1078,2611.18,0.0091214438613977
1079,2613.26,0.0075274581100047
1080,2615.35,0.0072702914230303
1081,2617.43,0.010265525055475
1082,2619.52,0.0032966404521729
1083,2621.6,0.0065771701147003
1084,2623.68,0.0027166161700577
1085,2625.76,0.0096030106619843
1086,2627.85,0.0096301288976712
1087,2629.93,0.0057708657284601
1088,2632.01,0.0088477994699096
1089,2634.09,0.0090276953198693
1090,2636.17,0.0049304035997814
1091,2638.25,0.0081719817233369
1092,2640.33,0.0093131001097338
1093,2642.4,0.0101672348966875
1094,2644.48,0.0104469387617293
1095,2646.56,0.00987651163398
1096,2648.63,0.0075324252050913
1097,2650.71,0.0053273528998554
1098,2652.79,0.0046589463555523
1099,2654.86,0.0076456023071893
1100,2656.93,0.0112322919504555
1101,2659.01,0.0089792673379376
1102,2661.08,0.0097101808776759
1103,2663.15,0.0100242576143948
1104,2665.23,0.0076703409744649
1105,2667.3,0.0077780693310144
1106,2669.37,0.003497726532134
1107,2671.44,0.0070770981958007
1108,2673.51,0.0080555956100966
1109,2675.58,0.0062464746443002
1110,2677.65,0.009602413080766
1111,2679.72,0.0097651463981359
1112,2681.78,0.0083511855742459
1113,2683.85,0.0071254806420436
1114,2685.92,0.0057077133453092
1115,2687.99,0.0039782535414007
1116,2690.05,0.0073628806569951
1117,2692.12,0.0070242304005461
1118,2694.18,0.0066151009849512
1119,2696.24,0.0069184770738264
1120,2698.31,0.0096909268108219
1121,2700.37,0.0071825473775835
1122,2702.43,0.00758383392214
1123,2704.5,0.0087559751399042
1124,2706.56,0.0083383973361741
1125,2708.62,0.0102935874694868
1126,2710.68,0.0059175085739459
1127,2712.74,0.0077190976260667
1128,2714.8,0.0061393880899792
1129,2716.86,0.0060103798662457
1130,2718.92,0.0040699225002893
1131,2720.97,0.0028310051668664
1132,2723.03,0.0098441944416939
1133,2725.09,0.0077483372750786
1134,2727.14,0.0103741533693392
1135,2729.2,0.0069430159099426
1136,2731.26,0.0056862482279475
1137,2733.31,0.0077797365826134
1138,2735.36,0.0159254558065682
1139,2737.42,0.0259873132312191
1140,2739.47,0.031944241847812
1141,2741.52,0.0403176693950034
1142,2743.58,0.0428573895728173
1143,2745.63,0.039413050946727
1144,2747.68,0.040006090547777
1145,2749.73,0.0414910798752752
1146,2751.78,0.0400616656010798
1147,2753.83,0.0345725235621793
1148,2755.88,0.0238871737975934
1149,2757.93,0.0180167629897873
1150,2759.97,0.0143076002709911
1151,2762.02,0.012259211370871
1152,2764.07,0.0097619792176789
1153,2766.11,0.0076927168056033
1154,2768.16,0.0082996501699789
1155,2770.2,0.0053107879484839
1156,2772.25,0.0071996656891632
1157,2774.29,0.0093355930667909
1158,2776.34,0.0068705179541185
1159,2778.38,0.0056985464494204
1160,2780.42,0.0067665447979449
1161,2782.47,0.0083193942534319
1162,2784.51,0.0080680133478131
1163,2786.55,0.009332951757806
1164,2788.59,0.0083107532290151
1165,2790.63,0.009206085265159
1166,2792.67,0.0141227205936706
1167,2794.71,0.0146353018594875
1168,2796.75,0.0107715329278904
1169,2798.78,0.0078200745100117
1170,2800.82,0.0156594006965526
1171,2802.86,0.0165064840251302
1172,2804.89,0.020700870741569
1173,2806.93,0.019779161470449
1174,2808.97,0.0219101360949394
1175,2811.0,0.0202701341994118
1176,2813.03,0.0194869442546958
1177,2815.07,0.0233728954011165
1178,2817.1,0.0294213734603544
1179,2819.13,0.0271149489901684
1180,2821.17,0.0332879629753019
1181,2823.2,0.0442847720708705
1182,2825.23,0.0507753407154135
1183,2827.26,0.058168017967116
1184,2829.29,0.0542864889217107
1185,2831.32,0.0576489589208926
1186,2833.35,0.0474262565355217
1187,2835.38,0.0372857813257901
1188,2837.41,0.0321805254615314
1189,2839.43,0.0283638937364345
1190,2841.46,0.0239627080635877
1191,2843.49,0.0207889542131478
1192,2845.51,0.0199236566090361
1193,2847.54,0.0216616618243665
1194,2849.56,0.0239543419265313
1195,2851.59,0.0225506236447231
1196,2853.61,0.0233021417848687
1197,2855.64,0.0263009238545877
1198,2857.66,0.0313703248457479
1199,2859.68,0.0318911766356261
1200,2861.7,0.0306398415644867
1201,2863.73,0.0348220734789452
1202,2865.75,0.0411625297214489
1203,2867.77,0.0442921820779775
1204,2869.79,0.0488390580518482
1205,2871.81,0.053463619584099
1206,2873.82,0.059508153607296
1207,2875.84,0.0642647805887932
1208,2877.86,0.0660486800416897
1209,2879.88,0.0708397277013614
1210,2881.9,0.0725514393430861
1211,2883.91,0.0710787601886851
1212,2885.93,0.0753372434665997
1213,2887.94,0.0672300981102868
1214,2889.96,0.0729905420222997
1215,2891.97,0.0714699368541902
1216,2893.99,0.0740800520995209
1217,2896.0,0.072628885868979
1218,2898.01,0.068388569060101
1219,2900.02,0.0719190788978714
1220,2902.04,0.0836213923797758
1221,2904.05,0.0891894151394931
1222,2906.06,0.104760230396244
1223,2908.07,0.115311363419197
1224,2910.08,0.130985440710471
1225,2912.09,0.140114091401362
1226,2914.1,0.155255604310879
1227,2916.1,0.170611051296551
1228,2918.11,0.193251013333411
1229,2920.12,0.234695661148024
1230,2922.13,0.279918217424787
1231,2924.13,0.338955656306421
1232,2926.14,0.402042305523318
1233,2928.14,0.458844790648475
1234,2930.15,0.478391672299368
1235,2932.15,0.449383884800205
1236,2934.15,0.395027897182805
1237,2936.16,0.338649694722647
1238,2938.16,0.274692967251892
1239,2940.16,0.226848224589188
1240,2942.16,0.189701380896655
1241,2944.17,0.164336448504305
1242,2946.17,0.142860574680711
1243,2948.17,0.138059607172815
1244,2950.17,0.127753721481856
1245,2952.16,0.119057719593021
1246,2954.16,0.119879871833171
1247,2956.16,0.111683447842842
1248,2958.16,0.105033803077985
1249,2960.16,0.103846767745936
1250,2962.15,0.0954399951667631
1251,2964.15,0.0856301018870001
1252,2966.14,0.0771497073017314
1253,2968.14,0.0788880710657927
1254,2970.13,0.07427617825537
1255,2972.13,0.0661368830295121
1256,2974.12,0.0642773297943777
1257,2976.11,0.0589022062519306
1258,2978.11,0.0603508626413556
1259,2980.1,0.0556709650882893
1260,2982.09,0.0530675427526037
1261,2984.08,0.048777985251337
1262,2986.07,0.0538698552963056
1263,2988.06,0.0540819966288053
1264,2990.05,0.0579536058259866
1265,2992.04,0.0599274165900617
1266,2994.03,0.0560134986426241
1267,2996.02,0.0617887625688511
1268,2998.0,0.0632839107770606
1269,2999.99,0.0638704965009528
1270,3001.98,0.0606527606728454
1271,3003.96,0.0595652823717664
1272,3005.95,0.0538536010871676
1273,3007.93,0.0518157296164897
1274,3009.92,0.046307584494847
1275,3011.9,0.0460111842105656
1276,3013.89,0.0409619814645843
1277,3015.87,0.0384487938928634
1278,3017.85,0.0401786720036247
1279,3019.83,0.0380806838623849
1280,3021.82,0.033920203904273
1281,3023.8,0.031910657783343
1282,3025.78,0.0318856788884177
1283,3027.76,0.0342609447149529
1284,3029.74,0.0257123063545532
1285,3031.72,0.0248437818118627
1286,3033.69,0.0248058951626219
1287,3035.67,0.0303153549629449
1288,3037.65,0.0251296646667018
1289,3039.63,0.0255131922926126
1290,3041.6,0.0280433511709335
1291,3043.58,0.0300748882806973
1292,3045.56,0.0219496959715915
1293,3047.53,0.021995112144183
1294,3049.51,0.0224245340076599
1295,3051.48,0.0158092860177289
1296,3053.45,0.0221979312096771
1297,3055.43,0.020329414256268
1298,3057.4,0.0176677277517973
1299,3059.37,0.0192621342003679
1300,3061.34,0.0222123926751602
1301,3063.31,0.0179150666180554
1302,3065.28,0.0166352627776758
1303,3067.25,0.0140195063656443
1304,3069.22,0.0139588040654884
1305,3071.19,0.018214084308073
1306,3073.16,0.0172745312617742
1307,3075.13,0.0178191548325168
1308,3077.1,0.0185845368569272
1309,3079.06,0.0156767544551323
1310,3081.03,0.0150570507801214
1311,3083.0,0.0184834261147893
1312,3084.96,0.019358583809003
1313,3086.93,0.0157917051782863
1314,3088.89,0.0156421425509679
1315,3090.86,0.0171970608326326
1316,3092.82,0.0175283957149363
1317,3094.78,0.0223989575315163
1318,3096.75,0.0260269926241148
1319,3098.71,0.0271708825922022
1320,3100.67,0.0331544633311316
1321,3102.63,0.0466550182151719
1322,3104.59,0.069424774892649
1323,3106.55,0.100989373392469
1324,3108.51,0.157323235326229
1325,3110.47,0.289210605369494
1326,3112.43,0.512900792494284
1327,3114.39,0.594856666260511
1328,3116.35,0.407241262122607
1329,3118.31,0.180075542632131
1330,3120.26,0.0845800321701873
1331,3122.22,0.0742623143711052
1332,3124.17,0.0812058495791265
1333,3126.13,0.0983536816709948
1334,3128.08,0.151873294615249
1335,3130.04,0.249056732986429
1336,3131.99,0.530595172368418
1337,3133.95,0.964557457942084
1338,3135.9,1.0
1339,3137.85,0.55772655484209
1340,3139.8,0.215393787796639
1341,3141.76,0.080550781047616
1342,3143.71,0.0508959326052683
1343,3145.66,0.0374417500237688
1344,3147.61,0.0322033530640708
1345,3149.56,0.0250235342423301
1346,3151.51,0.0176955152784486
1347,3153.45,0.0161745635132326
1348,3155.4,0.0152639812043975
1349,3157.35,0.014880596997979
1350,3159.3,0.0146421740434981
1351,3161.24,0.0118584375509998
1352,3163.19,0.0122017479609184
1353,3165.14,0.0124405533673791
1354,3167.08,0.0152505595302342
1355,3169.03,0.0137061706296361
1356,3170.97,0.009757999326765
1357,3172.91,0.01174388123145
1358,3174.86,0.0119416567114616
1359,3176.8,0.0104680572819843
1360,3178.74,0.0092415815895266
1361,3180.68,0.0089479301788494
1362,3182.63,0.0086066993515706
1363,3184.57,0.0081230637248062
1364,3186.51,0.0083286209074426
1365,3188.45,0.0080956287710736
1366,3190.39,0.0106176916190489
1367,3192.33,0.0048623271473916
1368,3194.26,0.0069435074802527
1369,3196.2,0.0075809368483937
1370,3198.14,0.0082102125793595
1371,3200.08,0.0082404657261176
1372,3202.01,0.0073828410648491
1373,3203.95,0.0100447905050559
1374,3205.88,0.0075774899999265
1375,3207.82,0.0084005099280052
1376,3209.75,0.005313990983814
1377,3211.69,0.0027414396938663
1378,3213.62,0.0081628160226105
1379,3215.56,0.0048134689069827
1380,3217.49,0.0117325510915508
1381,3219.42,0.0094563522793869
1382,3221.35,0.0104588067247249
1383,3223.28,0.0090471406127131
1384,3225.21,0.0075337542257208
1385,3227.14,0.0029949455982974
1386,3229.07,0.0065507474635515
1387,3231.0,0.0099756623097219
1388,3232.93,0.0084551886094804
1389,3234.86,0.0068592666949402
1390,3236.79,0.0106180740710286
1391,3238.72,0.0064946453436142
1392,3240.64,0.0055083602508813
1393,3242.57,0.0045312432491996
1394,3244.5,0.006686883636057
1395,3246.42,0.010856281896271
1396,3248.35,0.0117318220424645
1397,3250.27,0.00987651163398
1398,3252.19,0.0046559704010851
1399,3254.12,0.0054247825416886
1400,3256.04,0.0078018542586655
1401,3257.96,0.0078202430279153
1402,3259.89,0.0065172518411029
1403,3261.81,0.0053153415173674
1404,3263.73,0.0044567009680277
1405,3265.65,0.0053769282377264
1406,3267.57,0.0110245249124738
1407,3269.49,0.0104385009149267
1408,3271.41,0.0113891450686373
1409,3273.33,0.0105776536774222
1410,3275.25,0.005089372155476
1411,3277.16,0.0083011560746491
1412,3279.08,0.0113981087869119
1413,3281.0,0.0092010058248034
1414,3282.92,0.008823597430568
1415,3284.83,0.0070022659682217
1416,3286.75,0.0087367808311721
1417,3288.66,0.007499866589993
1418,3290.58,0.0063012931597806
1419,3292.49,0.0058997185810768
1420,3294.4,0.0060106463874691
1421,3296.32,0.0042983180419271
1422,3298.23,0.0101860108985667
1423,3300.14,0.0088013196027495
1424,3302.05,0.0069385034546469
1425,3303.97,0.0083032834637863
1426,3305.88,0.0102330763953208
1427,3307.79,0.0135974227995282
1428,3309.7,0.0089861634251969
1429,3311.61,0.0091314712742409
1430,3313.51,0.0087344502644207
1431,3315.42,0.0044366580939657
1432,3317.33,0.0097828467538223
1433,3319.24,0.0049183444107959
1434,3321.15,0.0101603268578038
1435,3323.05,0.0121609570669566
1436,3324.96,0.0072335019329063
1437,3326.86,0.0053498100020395
1438,3328.77,0.003348343179181
1439,3330.67,0.006897106732846
1440,3332.58,0.0086488646823344
1441,3334.48,0.0091478091447495
1442,3336.39,0.0075783935427285
1443,3338.29,0.0080198064709321
1444,3340.19,0.0058180387898334
1445,3342.09,0.0077221321434933
1446,3343.99,0.005776506895161
1447,3345.89,0.0091432794791147
1448,3347.8,0.0097545453073231
1449,3349.7,0.0070004456163144
1450,3351.59,0.008117325749948
1451,3353.49,0.0081768914506266
1452,3355.39,0.0066947729033011
1453,3357.29,0.0076524159282405
1454,3359.19,0.0087315699229484
1455,3361.09,0.0054693381973257
1456,3362.98,0.0064457273450834
1457,3364.88,0.0102207901254723
1458,3366.77,0.0129487364354292
1459,3368.67,0.0137615305537002
1460,3370.56,0.0091839628084572
1461,3372.46,0.0089631924031651
1462,3374.35,0.0080877825296772
1463,3376.25,0.0064074558535381
1464,3378.14,0.0080466378676342
1465,3380.03,0.0080230465562978
1466,3381.92,0.0049740389803423
1467,3383.82,0.0070667517941031
1468,3385.71,0.0094312538682179
1469,3387.6,0.0060049609997581
1470,3389.49,0.0077583443701604
1471,3391.38,0.0039594416846483
1472,3393.27,0.0095988634483292
1473,3395.16,0.0059569489343543
1474,3397.04,0.0053996602272708
1475,3398.93,0.0109645277581555
1476,3400.82,0.0126125611452572
1477,3402.71,0.0035918216707689
1478,3404.59,0.0079120494304841
1479,3406.48,0.0083971515215583
1480,3408.37,0.0034379325554299
1481,3410.25,0.0070168531647931
1482,3412.14,0.006404666344411
1483,3414.02,0.0144765125781584
1484,3415.9,0.0057491137721137
1485,3417.79,0.0052111592077674
1486,3419.67,0.0047480337635778
1487,3421.55,0.009253019294045
1488,3423.43,0.0113978697544246
1489,3425.32,0.0110921232998889
1490,3427.2,0.0072153247074078
1491,3429.08,0.006760159045046
1492,3430.96,0.0041286766856735
1493,3432.84,0.007067843096924
1494,3434.72,0.0076191473866548
1495,3436.59,0.0075814639150282
1496,3438.47,0.0057949243483093
1497,3440.35,0.0070448672942424
1498,3442.23,0.0112524901956343
1499,3444.1,0.0090470449997182
1500,3445.98,0.0065254195811947
1501,3447.86,0.0100267076973899
1502,3449.73,0.0106776648701184
1503,3451.61,0.0080960136133782
1504,3453.48,0.0056577675070829
1505,3455.36,0.0064806499914814
1506,3457.23,0.0097389245342765
1507,3459.1,0.0075893280838612
1508,3460.98,0.00863376978076
1509,3462.85,0.0117999104464786
1510,3464.72,0.0108420594632753
1511,3466.59,0.0100042505952058
1512,3468.46,0.0072935767727829
1513,3470.33,0.0076937757195221
1514,3472.2,0.0032098597076501
1515,3474.07,0.0076288031039802
1516,3475.94,0.0087130329535565
1517,3477.81,0.0051538631205559
1518,3479.68,0.0076818025822321
1519,3481.55,0.0086447174686794
1520,3483.41,0.0069731977055032
1521,3485.28,0.005259778415689
1522,3487.15,0.0111215960055759
1523,3489.01,0.0107030859751453
1524,3490.88,0.011634511916875
1525,3492.74,0.0127866365541507
1526,3494.61,0.0136415601483125
1527,3496.47,0.0052880440073151
1528,3498.33,0.0089887688793087
1529,3500.2,0.0049677524259257
1530,3502.06,0.0069010806479477
1531,3503.92,0.0089325723415389
1532,3505.78,0.0118675446887669
1533,3507.65,0.0049697005406974
1534,3509.51,0.0045091207924978
1535,3511.37,0.0072163166922302
1536,3513.23,0.0015146054526776
1537,3515.09,0.007061742748815
1538,3516.95,0.0086161769896929
1539,3518.81,0.0103854954608627
1540,3520.66,0.0092665365812031
1541,3522.52,0.0103932998715738
1542,3524.38,0.0074164920584145
1543,3526.24,0.0134665525127185
1544,3528.09,0.0095889555517297
1545,3529.95,0.0120027175603484
1546,3531.8,0.0067355781392121
1547,3533.66,0.0089342455689502
1548,3535.51,0.0049255512402887
1549,3537.37,0.00211797125718
1550,3539.22,0.0084583557899375
1551,3541.07,0.0093558510700916
1552,3542.93,0.0074978312283634
1553,3544.78,0.0086208381231957
1554,3546.63,0.0111886087633971
1555,3548.48,0.0126392371708426
1556,3550.33,0.0105713312681325
1557,3552.18,0.0084994454745084
1558,3554.03,0.0076068145054713
1559,3555.88,0.0087994073428509
1560,3557.73,0.0099428192459636
1561,3559.58,0.0114426166360516
1562,3561.43,0.0109557672174951
1563,3563.28,0.010065191927849
1564,3565.12,0.012831132451666
1565,3566.97,0.0112017077437024
1566,3568.82,0.0107806878721549
1567,3570.66,0.010040583533279
1568,3572.51,0.0074815889708498
1569,3574.36,0.0054555221195584
1570,3576.2,0.0059830154270969
1571,3578.04,0.0082797387637849
1572,3579.89,0.0096743021013286
1573,3581.73,0.0055442748821017
1574,3583.57,0.0092170688079515
1575,3585.42,0.0034582383652281
1576,3587.26,0.0087235623346231
1577,3589.1,0.0067281621562929
1578,3590.94,0.0118834283975495
1579,3592.78,0.0093636435291784
1580,3594.62,0.00986717741535
1581,3596.46,0.0105958081948344
1582,3598.3,0.0125372300568772
1583,3600.14,0.0144644772924217
1584,3601.98,0.0025220078705031
1585,3603.82,0.0041787181368947
1586,3605.65,0.0154341962386206
1587,3607.49,0.0124027025730114
1588,3609.33,0.0077915902036598
1589,3611.16,0.0108884676206891
1590,3613.0,0.006221285400786
1591,3614.84,0.0097741818261568
1592,3616.67,0.0075530094877372
1593,3618.51,0.0136306961217636
1594,3620.34,0.0075339550130102
1595,3622.17,0.0086754211916761
1596,3624.01,0.016798330740528
1597,3625.84,0.0119867023836977
1598,3627.67,0.0106550523968176
1599,3629.5,0.0034953720621338
1600,3631.33,0.0088464967428536
1601,3633.17,0.0106732427691029
1602,3635.0,0.0104914585624933
1603,3636.83,0.0131652281591983
1604,3638.66,0.0092800299651126
1605,3640.48,0.0081686878556616
1606,3642.31,0.0075435975835488
1607,3644.14,0.0076907017617351
1608,3645.97,0.0086537767999489
1609,3647.8,0.0115576510205761
1610,3649.62,0.0083475522804386
1611,3651.45,0.003921112825306
1612,3653.28,0.0085054929964377
1613,3655.1,0.0117334952698757
1614,3656.93,0.0088518749738184
1615,3658.75,0.0095027723884251
1616,3660.58,0.0137927003900472
1617,3662.4,0.0099596710363199
1618,3664.22,0.0065253657988851
1619,3666.05,0.0090147756139295
1620,3667.87,0.0098881047096152
1621,3669.69,0.0110084380260769
1622,3671.51,0.0109766228020141
1623,3673.33,0.0096890982122939
1624,3675.15,0.008364081376937
1625,3676.98,0.0032185246353156
1626,3678.8,0.0036771921236166
1627,3680.61,0.0064370361238444
1628,3682.43,0.0062079521686431
1629,3684.25,0.0102364826082651
1630,3686.07,0.0078898935092341
1631,3687.89,0.0061273181445318
1632,3689.71,0.0110762993492281
1633,3691.52,0.0082072653087908
1634,3693.34,0.0093886821822255
1635,3695.15,0.0100526307706401
1636,3696.97,0.0042758011816212
1637,3698.79,0.0087951525645765
1638,3700.6,0.0090825652273345
1639,3702.41,0.0068231130312325
1640,3704.23,0.0068706948381591
1641,3706.04,0.0064314403733161
1642,3707.85,0.009456161053397
1643,3709.67,0.0052231108321336
1644,3711.48,0.0085195242034436
1645,3713.29,0.005748635707139
1646,3715.1,0.0080392159089028
1647,3716.91,0.0073291770762825
1648,3718.72,0.0049782459521192
1649,3720.53,0.0034214034589315
1650,3722.34,0.0116938278286044
1651,3724.15,0.0129593972843639
1652,3725.96,0.0072749931920559
1653,3727.77,0.0029171763785466
1654,3729.58,0.0083959444074973
1655,3731.38,0.0070414536951942
1656,3733.19,0.0073199277141855
1657,3735.0,0.0127211536042484
1658,3736.8,0.0095238072473096
1659,3738.61,0.0102484939907531
1660,3740.41,0.0071482635455079
1661,3742.22,0.0025442856983217
1662,3744.02,0.0079490277562731
1663,3745.83,0.0069450714698173
1664,3747.63,0.0083400227570879
1665,3749.43,0.0078504400020389
1666,3751.23,0.0080355826150954
1667,3753.04,0.0108572021713472
1668,3754.84,0.0070046003594929
1669,3756.64,0.0095790357035057
1670,3758.44,0.0105592601275226
1671,3760.24,0.0092070533467327
1672,3762.04,0.0071987406334372
1673,3763.84,0.0064294767214328
1674,3765.64,0.0091795885139392
1675,3767.44,0.0077677634453234
1676,3769.24,0.0059638952184359
1677,3771.03,0.0078267530777076
1678,3772.83,0.0075264183186849
1679,3774.63,0.0068150767590087
1680,3776.43,0.0093327724834405
1681,3778.22,0.0088659061808243
1682,3780.02,0.0067552230241828
1683,3781.81,0.0062658314951237
1684,3783.61,0.0080615522996807
1685,3785.4,0.0112465980448218
1686,3787.2,0.0107030142653991
1687,3788.99,0.0093282428178057
1688,3790.78,0.0079947319630118
1689,3792.57,0.0066412164793538
1690,3794.37,0.0053333406636629
1691,3796.16,0.0068007826162667
1692,3797.95,0.0092723928771426
1693,3799.74,0.0067913121491189
1694,3801.53,0.0068214864151562
1695,3803.32,0.0104775349201067
1696,3805.11,0.0104764473222894
1697,3806.9,0.0067029561805046
1698,3808.69,0.0069871880379538
1699,3810.48,0.0062753844284796
1700,3812.27,0.009967081043427
1701,3814.05,0.0054132611757996
1702,3815.84,0.0065161749997475
1703,3817.63,0.005587205116825
1704,3819.41,0.0084460575684647
1705,3821.2,0.0078170065280369
1706,3822.98,0.0053647017259998
1707,3824.77,0.0095466228982246
1708,3826.55,0.0035451147227459
1709,3828.34,0.0126177959567296
1710,3830.12,0.0110581567834402
1711,3831.9,0.0059858156926859
1712,3833.69,0.0043584586157377
1713,3835.47,0.0045858382693044
1714,3837.25,0.0093713642785189
1715,3839.03,0.0123394784801143
1716,3840.81,0.0101010707041963
1717,3842.6,0.0081183954203287
1718,3844.38,0.0083391383368848
1719,3846.16,0.0081999437437041
1720,3847.93,0.0115480299629613
1721,3849.71,0.0052252382212708
1722,3851.49,0.0101454470854679
1723,3853.27,0.0091136035958135
1724,3855.05,0.0129098099948686
1725,3856.83,0.010974268332014
1726,3858.6,0.0099816142186562
1727,3860.38,0.0090725378144913
1728,3862.15,0.0076649173273275
1729,3863.93,0.0071695523764101
1730,3865.71,0.0076666849725713
1731,3867.48,0.0087653093585342
1732,3869.25,0.0089992026473804
1733,3871.03,0.0092627001097816
1734,3872.8,0.0097673215937706
1735,3874.58,0.0092598675748068
1736,3876.35,0.0102613658901955
1737,3878.12,0.0122466024071647
1738,3879.89,0.0122014133154362
1739,3881.66,0.0083852716069383
1740,3883.43,0.0098042282098134
1741,3885.21,0.0102242202416654
1742,3886.98,0.0073299192721556
1743,3888.75,0.0058030514528783
1744,3890.51,0.0064664705843334
1745,3892.28,0.0102961929235986
1746,3894.05,0.006955655350291
1747,3895.82,0.0100523678349041
1748,3897.59,0.0111215601507028
1749,3899.35,0.0111917878954785
1750,3901.12,0.0087253431266536
1751,3902.89,0.0096425944418851
1752,3904.65,0.008809530368689
1753,3906.42,0.0074895893882005
1754,3908.18,0.0068732716083725
1755,3909.95,0.0098857502396151
1756,3911.71,0.0082489991859151
1757,3913.48,0.006474068231943
1758,3915.24,0.005586583632358
1759,3917.0,0.0063466531597375
1760,3918.77,0.0093203547457241
1761,3920.53,0.0072027623550365
1762,3922.29,0.0065386954455407
1763,3924.05,0.0098812803321021
1764,3925.81,0.0076861625348008
1765,3927.57,0.0064572726142212
1766,3929.33,0.0059874470894119
1767,3931.09,0.0063890204729532
1768,3932.85,0.0083491537981037
1769,3934.61,0.0066623660738322
1770,3936.37,0.0083242585645489
1771,3938.13,0.0122026921392434
1772,3939.89,0.0135882200487662
1773,3941.64,0.0081769679410225
1774,3943.4,0.0085668765391824
1775,3945.16,0.00774920615817
1776,3946.91,0.0106691553135697
1777,3948.67,0.012846048078875
1778,3950.42,0.0117495104465264
1779,3952.18,0.0070512634450545
1780,3953.93,0.004042887925973
1781,3955.69,0.0069056879991409
1782,3957.44,0.0037361972931124
1783,3959.19,0.0055902527810384
1784,3960.94,0.013077682510716
1785,3962.7,0.0064444652535504
1786,3964.45,0.0105695624277263
1787,3966.2,0.0106815252447887
1788,3967.95,0.0062216033139942
1789,3969.7,0.0083944265512028
1790,3971.45,0.0040345337405411
1791,3973.2,0.0043393001618787
1792,3974.95,0.011408100344882
1793,3976.7,0.0096317782218337
1794,3978.45,0.012644113433584
1795,3980.2,0.0083738339024198
1796,3981.94,0.0090060031216447
1797,3983.69,0.0100456271187616
1798,3985.44,0.0077432446879362
1799,3987.18,0.0099158324781448
1800,3988.93,0.0108793843861708
1801,3990.68,0.0123160293931079
1802,3992.42,0.0121059556916235
1803,3994.17,0.0087377011062483
1804,3995.91,0.0095569969081745
1805,3997.65,0.0112914763943168
